model_name,dataset_path,dataset_config,horizon,num_windows,initial_cutoff,window_step_size,min_context_length,max_context_length,seasonality,eval_metric,extra_metrics,quantile_levels,id_column,timestamp_column,target,generate_univariate_targets_from,known_dynamic_columns,past_dynamic_columns,static_columns,task_name,test_error,training_time_s,inference_time_s,num_forecasts,dataset_fingerprint,trained_on_this_dataset,fev_version,SQL,MASE,WAPE,WQL,model_config
stride16_d1_25k,autogluon/fev_datasets,proenfo_gfc12,168,10,-1680,168,1,,24,SQL,"['MASE', {'name': 'WAPE', 'epsilon': 1.0}, {'name': 'WQL', 'epsilon': 1.0}]","[0.1, 0.2, 0.3, 0.4, 0.5, 0.6, 0.7, 0.8, 0.9]",id,timestamp,target,,['airtemperature'],[],[],proenfo_gfc12,0.9572800530036965,,4.444810946821235,110,7c9ee0786e7de9fc,False,0.7.0,0.9572800530036965,1.1743077839927463,0.0988729753432563,0.08028511727966617,"{'context_length': 4000, 'batch_size': 512, 'device': 'cuda', 'seed': 123}"
stride16_d1_25k,autogluon/fev_datasets,proenfo_gfc14,168,20,-3360,168,1,,24,SQL,"['MASE', {'name': 'WAPE', 'epsilon': 1.0}, {'name': 'WQL', 'epsilon': 1.0}]","[0.1, 0.2, 0.3, 0.4, 0.5, 0.6, 0.7, 0.8, 0.9]",id,timestamp,target,,['airtemperature'],[],[],proenfo_gfc14,0.8325754756652499,,3.0258796211564913,20,eb4b54a1ec3114bf,False,0.7.0,0.8325754756652499,1.0419828531756716,0.05134564753051921,0.0410078459521192,"{'context_length': 4000, 'batch_size': 512, 'device': 'cuda', 'seed': 123}"
stride16_d1_25k,autogluon/fev_datasets,proenfo_gfc17,168,20,-3360,168,1,,24,SQL,"['MASE', {'name': 'WAPE', 'epsilon': 1.0}, {'name': 'WQL', 'epsilon': 1.0}]","[0.1, 0.2, 0.3, 0.4, 0.5, 0.6, 0.7, 0.8, 0.9]",id,timestamp,target,,['airtemperature'],[],[],proenfo_gfc17,0.9804259757862978,,3.8045942588942125,160,2c63b48ca8f6dd9a,False,0.7.0,0.9804259757862978,1.23252395062242,0.08337700048084747,0.06639320826150967,"{'context_length': 4000, 'batch_size': 512, 'device': 'cuda', 'seed': 123}"
stride16_d1_25k,autogluon/fev_datasets,rohlik_sales_1D,14,1,2023-12-15T00:00:00,14,14,,7,SQL,"['MASE', {'name': 'WAPE', 'epsilon': 1.0}, {'name': 'WQL', 'epsilon': 1.0}]","[0.1, 0.2, 0.3, 0.4, 0.5, 0.6, 0.7, 0.8, 0.9]",id,timestamp,sales,,"['holiday', 'school_holidays', 'sell_price_main', 'shops_closed', 'total_orders', 'type_0_discount', 'type_1_discount', 'type_2_discount', 'type_3_discount', 'type_4_discount', 'type_5_discount', 'type_6_discount', 'winter_school_holidays']",['availability'],"['L1_category_name_en', 'L2_category_name_en', 'L3_category_name_en', 'L4_category_name_en', 'name', 'product_unique_id', 'warehouse']",rohlik_sales_1D,1.1912903977833438,,5.34729021100793,4116,342144c38d5dc10c,False,0.7.0,1.1912903977833438,1.4249002188325246,0.38889731350020657,0.32573358217380083,"{'context_length': 4000, 'batch_size': 512, 'device': 'cuda', 'seed': 123}"
stride16_d1_25k,autogluon/fev_datasets,rohlik_orders_1D,61,5,2023-05-01T00:00:00,61,1,,7,SQL,"['MASE', {'name': 'WAPE', 'epsilon': 1.0}, {'name': 'WQL', 'epsilon': 1.0}]","[0.1, 0.2, 0.3, 0.4, 0.5, 0.6, 0.7, 0.8, 0.9]",id,timestamp,orders,,"['holiday', 'school_holidays', 'shops_closed', 'winter_school_holidays']","['blackout', 'frankfurt_shutdown', 'mini_shutdown', 'mov_change', 'precipitation', 'shutdown', 'snow', 'user_activity_1', 'user_activity_2']",[],rohlik_orders_1D,1.2352631805630936,,0.206777979969047,35,1774b84125cff789,False,0.7.0,1.2352631805630936,1.5202004150218447,0.0695018121795244,0.056664783961083764,"{'context_length': 4000, 'batch_size': 512, 'device': 'cuda', 'seed': 123}"
stride16_d1_25k,autogluon/fev_datasets,rohlik_sales_1W,8,1,2023-12-15T00:00:00,8,8,,1,SQL,"['MASE', {'name': 'WAPE', 'epsilon': 1.0}, {'name': 'WQL', 'epsilon': 1.0}]","[0.1, 0.2, 0.3, 0.4, 0.5, 0.6, 0.7, 0.8, 0.9]",id,timestamp,sales,,"['holiday', 'school_holidays', 'sell_price_main', 'shops_closed', 'total_orders', 'type_0_discount', 'type_1_discount', 'type_2_discount', 'type_3_discount', 'type_4_discount', 'type_5_discount', 'type_6_discount', 'winter_school_holidays']",['availability'],"['L1_category_name_en', 'L2_category_name_en', 'L3_category_name_en', 'L4_category_name_en', 'name', 'product_unique_id', 'warehouse']",rohlik_sales_1W,1.5304586669106308,,4.141407395014539,3942,3f764be9de4e34fe,False,0.7.0,1.5304586669106308,1.8451544064070666,0.2880448885703668,0.23596686850844298,"{'context_length': 4000, 'batch_size': 512, 'device': 'cuda', 'seed': 123}"
stride16_d1_25k,autogluon/fev_datasets,rohlik_orders_1W,8,5,2023-05-01T00:00:00,8,1,,1,SQL,"['MASE', {'name': 'WAPE', 'epsilon': 1.0}, {'name': 'WQL', 'epsilon': 1.0}]","[0.1, 0.2, 0.3, 0.4, 0.5, 0.6, 0.7, 0.8, 0.9]",id,timestamp,orders,,"['holiday', 'school_holidays', 'shops_closed', 'winter_school_holidays']","['blackout', 'frankfurt_shutdown', 'mini_shutdown', 'mov_change', 'precipitation', 'shutdown', 'snow', 'user_activity_1', 'user_activity_2']",[],rohlik_orders_1W,1.4559625778530807,,0.10656379186548293,35,bbb0372c6d5883ab,False,0.7.0,1.4559625778530807,1.8018962517429613,0.05869543555377297,0.04753819776683852,"{'context_length': 4000, 'batch_size': 512, 'device': 'cuda', 'seed': 123}"
stride16_d1_25k,autogluon/fev_datasets,entsoe_15T,96,20,-1920,96,1,,96,SQL,"['MASE', {'name': 'WAPE', 'epsilon': 1.0}, {'name': 'WQL', 'epsilon': 1.0}]","[0.1, 0.2, 0.3, 0.4, 0.5, 0.6, 0.7, 0.8, 0.9]",id,timestamp,target,,"['radiation_diffuse_horizontal', 'radiation_direct_horizontal', 'temperature']",[],[],entsoe_15T,0.8872317434791492,,2.281474008806981,120,4e80c208c8b54e76,False,0.7.0,0.8872317434791492,1.1284283455152264,0.07952632088050712,0.06297055655631281,"{'context_length': 4000, 'batch_size': 512, 'device': 'cuda', 'seed': 123}"
stride16_d1_25k,autogluon/fev_datasets,entsoe_30T,96,20,-1920,96,1,,48,SQL,"['MASE', {'name': 'WAPE', 'epsilon': 1.0}, {'name': 'WQL', 'epsilon': 1.0}]","[0.1, 0.2, 0.3, 0.4, 0.5, 0.6, 0.7, 0.8, 0.9]",id,timestamp,target,,"['radiation_diffuse_horizontal', 'radiation_direct_horizontal', 'temperature']",[],[],entsoe_30T,0.9334296596045183,,1.9596374690299854,120,7a3623a47fa39853,False,0.7.0,0.9334296596045183,1.1951401378435436,0.08413322480845825,0.06573423248630872,"{'context_length': 4000, 'batch_size': 512, 'device': 'cuda', 'seed': 123}"
stride16_d1_25k,autogluon/fev_datasets,entsoe_1H,168,20,-3360,168,1,,24,SQL,"['MASE', {'name': 'WAPE', 'epsilon': 1.0}, {'name': 'WQL', 'epsilon': 1.0}]","[0.1, 0.2, 0.3, 0.4, 0.5, 0.6, 0.7, 0.8, 0.9]",id,timestamp,target,,"['radiation_diffuse_horizontal', 'radiation_direct_horizontal', 'temperature']",[],[],entsoe_1H,0.5959024650339892,,3.7203384269960225,120,a900217b9207dc1a,False,0.7.0,0.5959024650339892,0.7481517821755906,0.0483958720602217,0.03851995238083462,"{'context_length': 4000, 'batch_size': 512, 'device': 'cuda', 'seed': 123}"
stride16_d1_25k,autogluon/fev_datasets,epf_be,24,20,-480,24,1,,24,SQL,"['MASE', {'name': 'WAPE', 'epsilon': 1.0}, {'name': 'WQL', 'epsilon': 1.0}]","[0.1, 0.2, 0.3, 0.4, 0.5, 0.6, 0.7, 0.8, 0.9]",id,timestamp,target,,"['Generation forecast', 'System load forecast']",[],[],epf_be,0.6188895940904259,,0.47239881509449333,20,fef9300bbbbc0b06,False,0.7.0,0.6188895940904259,0.805000110791896,0.14642943236573544,0.11264113352615321,"{'context_length': 4000, 'batch_size': 512, 'device': 'cuda', 'seed': 123}"
stride16_d1_25k,autogluon/fev_datasets,epf_de,24,20,-480,24,1,,24,SQL,"['MASE', {'name': 'WAPE', 'epsilon': 1.0}, {'name': 'WQL', 'epsilon': 1.0}]","[0.1, 0.2, 0.3, 0.4, 0.5, 0.6, 0.7, 0.8, 0.9]",id,timestamp,target,,"['Ampirion Load Forecast', 'PV+Wind Forecast']",[],[],epf_de,1.0847625798751948,,0.46648589707911015,20,b0b822e47c7608d3,False,0.7.0,1.0847625798751948,1.341434636001294,0.5851507509380537,0.4792867155220222,"{'context_length': 4000, 'batch_size': 512, 'device': 'cuda', 'seed': 123}"
stride16_d1_25k,autogluon/fev_datasets,epf_fr,24,20,-480,24,1,,24,SQL,"['MASE', {'name': 'WAPE', 'epsilon': 1.0}, {'name': 'WQL', 'epsilon': 1.0}]","[0.1, 0.2, 0.3, 0.4, 0.5, 0.6, 0.7, 0.8, 0.9]",id,timestamp,target,,"['Generation forecast', 'System load forecast']",[],[],epf_fr,0.46550063781459716,,0.4703081496991217,20,8f5f11f4c654e31f,False,0.7.0,0.46550063781459716,0.5557374862023383,0.08620459998520012,0.07196605910413355,"{'context_length': 4000, 'batch_size': 512, 'device': 'cuda', 'seed': 123}"
stride16_d1_25k,autogluon/fev_datasets,epf_np,24,20,-480,24,1,,24,SQL,"['MASE', {'name': 'WAPE', 'epsilon': 1.0}, {'name': 'WQL', 'epsilon': 1.0}]","[0.1, 0.2, 0.3, 0.4, 0.5, 0.6, 0.7, 0.8, 0.9]",id,timestamp,target,,"['Grid load forecast', 'Wind power forecast']",[],[],epf_np,1.1738827782414514,,0.46820473519619554,20,269b47960e0cd2ad,False,0.7.0,1.1738827782414514,1.443032107873846,0.06475136906834728,0.052403092768015636,"{'context_length': 4000, 'batch_size': 512, 'device': 'cuda', 'seed': 123}"
stride16_d1_25k,autogluon/fev_datasets,epf_pjm,24,20,-480,24,1,,24,SQL,"['MASE', {'name': 'WAPE', 'epsilon': 1.0}, {'name': 'WQL', 'epsilon': 1.0}]","[0.1, 0.2, 0.3, 0.4, 0.5, 0.6, 0.7, 0.8, 0.9]",id,timestamp,target,,"['System load forecast', 'Zonal COMED load foecast']",[],[],epf_pjm,0.435481491777365,,0.468412225949578,20,7087b94a370e1baa,False,0.7.0,0.435481491777365,0.5636483706327111,0.09966049979770107,0.07711957369025685,"{'context_length': 4000, 'batch_size': 512, 'device': 'cuda', 'seed': 123}"
stride16_d1_25k,autogluon/fev_datasets,rossmann_1D,48,10,-480,48,1,,7,SQL,"['MASE', {'name': 'WAPE', 'epsilon': 1.0}, {'name': 'WQL', 'epsilon': 1.0}]","[0.1, 0.2, 0.3, 0.4, 0.5, 0.6, 0.7, 0.8, 0.9]",id,timestamp,Sales,,"['DayOfWeek', 'Open', 'Promo', 'SchoolHoliday', 'StateHoliday']",['Customers'],"['Assortment', 'CompetitionDistance', 'CompetitionOpenSinceMonth', 'CompetitionOpenSinceYear', 'Promo2', 'Promo2SinceWeek', 'Promo2SinceYear', 'PromoInterval', 'Store', 'StoreType']",rossmann_1D,0.7778290823516463,,13.678202085080557,11150,d499bbd84fee3641,False,0.7.0,0.7778290823516463,0.9939167449370832,0.33872664627433974,0.2645550021444259,"{'context_length': 4000, 'batch_size': 512, 'device': 'cuda', 'seed': 123}"
stride16_d1_25k,autogluon/fev_datasets,rossmann_1W,13,8,-104,13,1,,1,SQL,"['MASE', {'name': 'WAPE', 'epsilon': 1.0}, {'name': 'WQL', 'epsilon': 1.0}]","[0.1, 0.2, 0.3, 0.4, 0.5, 0.6, 0.7, 0.8, 0.9]",id,timestamp,Sales,,"['Open', 'Promo', 'SchoolHoliday', 'StateHoliday']",['Customers'],"['Assortment', 'CompetitionDistance', 'CompetitionOpenSinceMonth', 'CompetitionOpenSinceYear', 'Promo2', 'Promo2SinceWeek', 'Promo2SinceYear', 'PromoInterval', 'Store', 'StoreType']",rossmann_1W,0.5163891200858519,,9.285471932031214,8920,8fdc1f957d1b917b,False,0.7.0,0.5163891200858519,0.6851168919234708,0.18593269917548388,0.13836791652884345,"{'context_length': 4000, 'batch_size': 512, 'device': 'cuda', 'seed': 123}"
stride16_d1_25k,autogluon/fev_datasets,restaurant,28,8,-224,28,1,,7,SQL,"['MASE', {'name': 'WAPE', 'epsilon': 1.0}, {'name': 'WQL', 'epsilon': 1.0}]","[0.1, 0.2, 0.3, 0.4, 0.5, 0.6, 0.7, 0.8, 0.9]",id,timestamp,target,,[],[],"['air_area_name', 'air_genre_name', 'latitude', 'longitude']",restaurant,0.6893755439323435,,4.793042531935498,6502,cc84996f184fc2f6,False,0.7.0,0.6893755439323435,0.8627170739099387,0.3620817215532296,0.28519510664381487,"{'context_length': 4000, 'batch_size': 512, 'device': 'cuda', 'seed': 123}"
stride16_d1_25k,autogluon/fev_datasets,hermes,52,1,-52,52,1,,1,SQL,"['MASE', {'name': 'WAPE', 'epsilon': 1.0}, {'name': 'WQL', 'epsilon': 1.0}]","[0.1, 0.2, 0.3, 0.4, 0.5, 0.6, 0.7, 0.8, 0.9]",id,timestamp,target,,['external'],[],"['category', 'country']",hermes,0.9190688550695898,,8.67417951405514,10000,a87e95d489203bfb,False,0.7.0,0.9190688550695898,1.1714634194672988,0.004764886842114941,0.0037273499625299997,"{'context_length': 4000, 'batch_size': 512, 'device': 'cuda', 'seed': 123}"
stride16_d1_25k,autogluon/fev_datasets,walmart,39,1,-39,39,1,,1,SQL,"['MASE', {'name': 'WAPE', 'epsilon': 1.0}, {'name': 'WQL', 'epsilon': 1.0}]","[0.1, 0.2, 0.3, 0.4, 0.5, 0.6, 0.7, 0.8, 0.9]",id,timestamp,target,,"['CPI', 'Fuel_Price', 'IsHoliday', 'MarkDown1', 'MarkDown2', 'MarkDown3', 'MarkDown4', 'MarkDown5', 'Temperature', 'Unemployment']",[],"['Dept', 'Size', 'Store', 'Type']",walmart,0.8503384462403458,,2.7279651860008016,2936,23e8c9575319dc5c,False,0.7.0,0.8503384462403458,1.0820466987255377,0.13367976759575642,0.10545874519635703,"{'context_length': 4000, 'batch_size': 512, 'device': 'cuda', 'seed': 123}"
stride16_d1_25k,autogluon/fev_datasets,m5_1D,28,1,-28,28,1,,7,SQL,"['MASE', {'name': 'WAPE', 'epsilon': 1.0}, {'name': 'WQL', 'epsilon': 1.0}]","[0.1, 0.2, 0.3, 0.4, 0.5, 0.6, 0.7, 0.8, 0.9]",id,timestamp,target,,"['event_Cultural', 'event_National', 'event_Religious', 'event_Sporting', 'sell_price', 'snap_CA', 'snap_TX', 'snap_WI']",[],"['cat_id', 'dept_id', 'item_id', 'state_id', 'store_id']",m5_1D,0.7315794854274771,,30.65430104895495,30490,f49c486725c7c3ba,False,0.7.0,0.7315794854274771,0.8896007707268515,0.7063988779109788,0.5567829722627433,"{'context_length': 4000, 'batch_size': 512, 'device': 'cuda', 'seed': 123}"
stride16_d1_25k,autogluon/fev_datasets,m5_1W,13,1,-13,13,1,,1,SQL,"['MASE', {'name': 'WAPE', 'epsilon': 1.0}, {'name': 'WQL', 'epsilon': 1.0}]","[0.1, 0.2, 0.3, 0.4, 0.5, 0.6, 0.7, 0.8, 0.9]",id,timestamp,target,,"['event_Cultural', 'event_National', 'event_Religious', 'event_Sporting', 'sell_price', 'snap_CA', 'snap_TX', 'snap_WI']",[],"['cat_id', 'dept_id', 'item_id', 'state_id', 'store_id']",m5_1W,0.917098649008179,,26.053785815020092,30490,55256f6cb3fa54e4,False,0.7.0,0.917098649008179,1.1616580732517936,0.43550761013425715,0.3417320648274522,"{'context_length': 4000, 'batch_size': 512, 'device': 'cuda', 'seed': 123}"
stride16_d1_25k,autogluon/fev_datasets,m5_1M,12,1,-12,12,6,,12,SQL,"['MASE', {'name': 'WAPE', 'epsilon': 1.0}, {'name': 'WQL', 'epsilon': 1.0}]","[0.1, 0.2, 0.3, 0.4, 0.5, 0.6, 0.7, 0.8, 0.9]",id,timestamp,target,,"['event_Cultural', 'event_National', 'event_Religious', 'event_Sporting', 'sell_price', 'snap_CA', 'snap_TX', 'snap_WI']",[],"['cat_id', 'dept_id', 'item_id', 'state_id', 'store_id']",m5_1M,0.9917964551989255,,24.074912012089044,29364,09d1f7a2cc6c252d,False,0.7.0,0.9917964551989255,1.170447112110476,0.42733555953186864,0.34012727855783176,"{'context_length': 4000, 'batch_size': 512, 'device': 'cuda', 'seed': 123}"
stride16_d1_25k,autogluon/fev_datasets,hierarchical_sales_1D,28,10,-280,28,1,,7,SQL,"['MASE', {'name': 'WAPE', 'epsilon': 1.0}, {'name': 'WQL', 'epsilon': 1.0}]","[0.1, 0.2, 0.3, 0.4, 0.5, 0.6, 0.7, 0.8, 0.9]",id,timestamp,target,,[],[],[],hierarchical_sales_1D,0.5593192607941022,,1.0430739778093994,1180,0ecbb4076fd5ba78,False,0.7.0,0.5593192607941022,0.6964978055749033,0.7011042173467755,0.5676246236977607,"{'context_length': 4000, 'batch_size': 512, 'device': 'cuda', 'seed': 123}"
stride16_d1_25k,autogluon/fev_datasets,hierarchical_sales_1W,13,10,-130,13,1,,1,SQL,"['MASE', {'name': 'WAPE', 'epsilon': 1.0}, {'name': 'WQL', 'epsilon': 1.0}]","[0.1, 0.2, 0.3, 0.4, 0.5, 0.6, 0.7, 0.8, 0.9]",id,timestamp,target,,[],[],[],hierarchical_sales_1W,0.6540495389012769,,0.7035440606996417,1180,691bd281f0ad7adc,False,0.7.0,0.6540495389012769,0.8012171992828726,0.4481502976672232,0.3799945007797555,"{'context_length': 4000, 'batch_size': 512, 'device': 'cuda', 'seed': 123}"
stride16_d1_25k,autogluon/fev_datasets,favorita_stores_1D,28,10,-280,28,1,,7,SQL,"['MASE', {'name': 'WAPE', 'epsilon': 1.0}, {'name': 'WQL', 'epsilon': 1.0}]","[0.1, 0.2, 0.3, 0.4, 0.5, 0.6, 0.7, 0.8, 0.9]",id,timestamp,sales,,"['holiday', 'onpromotion']",['oil_price'],"['city', 'cluster', 'family', 'state', 'store_nbr', 'type']",favorita_stores_1D,1.0473490965679169,,18.909925707033835,15790,6fed59d3a1a0a4bd,False,0.7.0,1.0473490965679169,1.2762457486175016,0.17016589787061426,0.14066414816486333,"{'context_length': 4000, 'batch_size': 512, 'device': 'cuda', 'seed': 123}"
stride16_d1_25k,autogluon/fev_datasets,favorita_stores_1W,13,10,-130,13,1,,1,SQL,"['MASE', {'name': 'WAPE', 'epsilon': 1.0}, {'name': 'WQL', 'epsilon': 1.0}]","[0.1, 0.2, 0.3, 0.4, 0.5, 0.6, 0.7, 0.8, 0.9]",id,timestamp,sales,,['onpromotion'],['oil_price'],"['city', 'cluster', 'family', 'state', 'store_nbr', 'type']",favorita_stores_1W,2.2478856637796314,,16.13984158798121,15790,297bbe136d11d663,False,0.7.0,2.2478856637796314,2.5914141765456713,0.15083559043332023,0.12632681943229254,"{'context_length': 4000, 'batch_size': 512, 'device': 'cuda', 'seed': 123}"
stride16_d1_25k,autogluon/fev_datasets,favorita_stores_1M,12,2,-24,12,1,,12,SQL,"['MASE', {'name': 'WAPE', 'epsilon': 1.0}, {'name': 'WQL', 'epsilon': 1.0}]","[0.1, 0.2, 0.3, 0.4, 0.5, 0.6, 0.7, 0.8, 0.9]",id,timestamp,sales,,['onpromotion'],['oil_price'],"['city', 'cluster', 'family', 'state', 'store_nbr', 'type']",favorita_stores_1M,2.056715208638141,,3.482432271935977,3158,b7c7925e18d07eaa,False,0.7.0,2.056715208638141,2.2667683928039155,0.1851652025291816,0.14211686132039497,"{'context_length': 4000, 'batch_size': 512, 'device': 'cuda', 'seed': 123}"
stride16_d1_25k,autogluon/fev_datasets,favorita_transactions_1D,28,10,-280,28,1,,7,SQL,"['MASE', {'name': 'WAPE', 'epsilon': 1.0}, {'name': 'WQL', 'epsilon': 1.0}]","[0.1, 0.2, 0.3, 0.4, 0.5, 0.6, 0.7, 0.8, 0.9]",id,timestamp,transactions,,['holiday'],['oil_price'],"['city', 'cluster', 'state', 'store_nbr', 'type']",favorita_transactions_1D,1.3883472562303456,,0.9160915041575208,510,93e47f4edb5bcbe1,False,0.7.0,1.3883472562303456,1.631884478189145,0.09809230638618698,0.0828359868252953,"{'context_length': 4000, 'batch_size': 512, 'device': 'cuda', 'seed': 123}"
stride16_d1_25k,autogluon/fev_datasets,favorita_transactions_1W,13,10,-130,13,1,,1,SQL,"['MASE', {'name': 'WAPE', 'epsilon': 1.0}, {'name': 'WQL', 'epsilon': 1.0}]","[0.1, 0.2, 0.3, 0.4, 0.5, 0.6, 0.7, 0.8, 0.9]",id,timestamp,transactions,,[],['oil_price'],"['city', 'cluster', 'state', 'store_nbr', 'type']",favorita_transactions_1W,1.7851802941081196,,0.5205433841329068,510,19b5577b63233e9d,False,0.7.0,1.7851802941081196,2.1161999401777916,0.07155740901853194,0.06046233799016194,"{'context_length': 4000, 'batch_size': 512, 'device': 'cuda', 'seed': 123}"
stride16_d1_25k,autogluon/fev_datasets,favorita_transactions_1M,12,2,-24,12,1,,12,SQL,"['MASE', {'name': 'WAPE', 'epsilon': 1.0}, {'name': 'WQL', 'epsilon': 1.0}]","[0.1, 0.2, 0.3, 0.4, 0.5, 0.6, 0.7, 0.8, 0.9]",id,timestamp,transactions,,[],['oil_price'],"['city', 'cluster', 'state', 'store_nbr', 'type']",favorita_transactions_1M,1.4017816458733316,,0.1058671788778156,102,6f7b1122146e5d93,False,0.7.0,1.4017816458733316,1.6267821298815774,0.09205677764814836,0.08030131645300906,"{'context_length': 4000, 'batch_size': 512, 'device': 'cuda', 'seed': 123}"
stride16_d1_25k,autogluon/fev_datasets,solar_with_weather_15T,96,20,-1920,96,1,,96,SQL,"['MASE', {'name': 'WAPE', 'epsilon': 1.0}, {'name': 'WQL', 'epsilon': 1.0}]","[0.1, 0.2, 0.3, 0.4, 0.5, 0.6, 0.7, 0.8, 0.9]",id,timestamp,target,,"['day_length', 'humidity', 'pressure', 'rain_1h', 'snow_1h', 'temp', 'wind_speed']","['clouds_all', 'global_horizontal_irradiance']",[],solar_with_weather_15T,0.9367121057938409,,1.5984606308629736,20,0b6d5a3c52af6282,False,0.7.0,0.9367121057938409,1.1494432811944528,1.218025314811222,1.031270244843301,"{'context_length': 4000, 'batch_size': 512, 'device': 'cuda', 'seed': 123}"
stride16_d1_25k,autogluon/fev_datasets,solar_with_weather_1H,24,20,-480,24,1,,24,SQL,"['MASE', {'name': 'WAPE', 'epsilon': 1.0}, {'name': 'WQL', 'epsilon': 1.0}]","[0.1, 0.2, 0.3, 0.4, 0.5, 0.6, 0.7, 0.8, 0.9]",id,timestamp,target,,"['day_length', 'humidity', 'pressure', 'rain_1h', 'snow_1h', 'temp', 'wind_speed']","['clouds_all', 'global_horizontal_irradiance']",[],solar_with_weather_1H,0.9190590277080387,,0.49236416700296104,20,1ae39ff7d1aba62c,False,0.7.0,0.9190590277080387,1.1681684937886696,1.376543944173274,1.134313995468557,"{'context_length': 4000, 'batch_size': 512, 'device': 'cuda', 'seed': 123}"
stride16_d1_25k,autogluon/fev_datasets,solar_1D,28,10,-280,28,1,,1,SQL,"['MASE', {'name': 'WAPE', 'epsilon': 1.0}, {'name': 'WQL', 'epsilon': 1.0}]","[0.1, 0.2, 0.3, 0.4, 0.5, 0.6, 0.7, 0.8, 0.9]",id,timestamp,target,,[],[],[],solar_1D,0.6550713762976894,,0.9376779962331057,1370,4a9fb28f2a62f798,False,0.7.0,0.6550713762976894,0.8167192222143772,0.26005752319028036,0.20847938616372613,"{'context_length': 4000, 'batch_size': 512, 'device': 'cuda', 'seed': 123}"
stride16_d1_25k,autogluon/fev_datasets,solar_1W,13,1,-13,13,1,,1,SQL,"['MASE', {'name': 'WAPE', 'epsilon': 1.0}, {'name': 'WQL', 'epsilon': 1.0}]","[0.1, 0.2, 0.3, 0.4, 0.5, 0.6, 0.7, 0.8, 0.9]",id,timestamp,target,,[],[],[],solar_1W,1.481530763292696,,0.0854897799436003,137,856de5fa702db186,False,0.7.0,1.481530763292696,1.932545834521214,0.32462387468673126,0.24882927056650686,"{'context_length': 4000, 'batch_size': 512, 'device': 'cuda', 'seed': 123}"
stride16_d1_25k,autogluon/fev_datasets,kdd_cup_2022_10T,288,10,-2880,288,1,,144,SQL,"['MASE', {'name': 'WAPE', 'epsilon': 1.0}, {'name': 'WQL', 'epsilon': 1.0}]","[0.1, 0.2, 0.3, 0.4, 0.5, 0.6, 0.7, 0.8, 0.9]",id,timestamp,Patv,,[],"['Etmp', 'Itmp', 'Ndir', 'Pab1', 'Pab2', 'Pab3', 'Prtv', 'Wdir', 'Wspd']",[],kdd_cup_2022_10T,0.42730733968393037,,20.071374393766746,1340,571bae673e4dccdd,False,0.7.0,0.42730733968393037,0.5173528573043372,1.4824500753536742,1.196771480303299,"{'context_length': 4000, 'batch_size': 512, 'device': 'cuda', 'seed': 123}"
stride16_d1_25k,autogluon/fev_datasets,kdd_cup_2022_30T,96,10,-960,96,1,,48,SQL,"['MASE', {'name': 'WAPE', 'epsilon': 1.0}, {'name': 'WQL', 'epsilon': 1.0}]","[0.1, 0.2, 0.3, 0.4, 0.5, 0.6, 0.7, 0.8, 0.9]",id,timestamp,Patv,,[],"['Etmp', 'Itmp', 'Ndir', 'Pab1', 'Pab2', 'Pab3', 'Prtv', 'Wdir', 'Wspd']",[],kdd_cup_2022_30T,0.45529227734184763,,5.6517260847613215,1340,bf18bd35bb0df915,False,0.7.0,0.45529227734184763,0.5636782671868272,1.7697253153909713,1.4688788696207038,"{'context_length': 4000, 'batch_size': 512, 'device': 'cuda', 'seed': 123}"
stride16_d1_25k,autogluon/fev_datasets,kdd_cup_2022_1D,14,10,-140,14,1,,1,SQL,"['MASE', {'name': 'WAPE', 'epsilon': 1.0}, {'name': 'WQL', 'epsilon': 1.0}]","[0.1, 0.2, 0.3, 0.4, 0.5, 0.6, 0.7, 0.8, 0.9]",id,timestamp,Patv,,[],"['Etmp', 'Itmp', 'Ndir', 'Pab1', 'Pab2', 'Pab3', 'Prtv', 'Wdir', 'Wspd']",[],kdd_cup_2022_1D,0.7052736922532528,,1.289121540961787,1340,739c6625d30e6169,False,0.7.0,0.7052736922532528,0.9065971881155693,0.7246437427046274,0.5622284457578242,"{'context_length': 4000, 'batch_size': 512, 'device': 'cuda', 'seed': 123}"
stride16_d1_25k,autogluon/fev_datasets,uci_air_quality_1H,168,20,-3360,168,1,,24,SQL,"['MASE', {'name': 'WAPE', 'epsilon': 1.0}, {'name': 'WQL', 'epsilon': 1.0}]","[0.1, 0.2, 0.3, 0.4, 0.5, 0.6, 0.7, 0.8, 0.9]",id,timestamp,"['C6H6(GT)', 'CO(GT)', 'NO2(GT)', 'NOx(GT)']",,"['AH', 'RH', 'T']",[],[],uci_air_quality_1H,0.9001487936517754,,3.3267183318967,80,031d3ed27aba2c43,False,0.7.0,0.9001487936517754,1.1476707139924804,0.37786582575657107,0.2949088256150235,"{'context_length': 4000, 'batch_size': 512, 'device': 'cuda', 'seed': 123}"
stride16_d1_25k,autogluon/fev_datasets,uci_air_quality_1D,28,11,-308,28,1,,7,SQL,"['MASE', {'name': 'WAPE', 'epsilon': 1.0}, {'name': 'WQL', 'epsilon': 1.0}]","[0.1, 0.2, 0.3, 0.4, 0.5, 0.6, 0.7, 0.8, 0.9]",id,timestamp,"['C6H6(GT)', 'CO(GT)', 'NO2(GT)', 'NOx(GT)']",,"['AH', 'RH', 'T']",[],[],uci_air_quality_1D,1.2252252392230905,,0.260238638962619,44,2ef57ff0fd03a862,False,0.7.0,1.2252252392230905,1.5296161795300458,0.30406497900834895,0.24134373627477898,"{'context_length': 4000, 'batch_size': 512, 'device': 'cuda', 'seed': 123}"
stride16_d1_25k,autogluon/fev_datasets,LOOP_SEATTLE_5T,288,10,-2880,288,1,,288,SQL,"['MASE', {'name': 'WAPE', 'epsilon': 1.0}, {'name': 'WQL', 'epsilon': 1.0}]","[0.1, 0.2, 0.3, 0.4, 0.5, 0.6, 0.7, 0.8, 0.9]",id,timestamp,target,,[],[],[],LOOP_SEATTLE_5T,0.5692299886771126,,45.651208893745206,3230,c2739a4b195beef3,False,0.7.0,0.5692299886771126,0.7143590621815366,0.07773859806735726,0.061929220428978506,"{'context_length': 4000, 'batch_size': 512, 'device': 'cuda', 'seed': 123}"
stride16_d1_25k,autogluon/fev_datasets,LOOP_SEATTLE_1D,28,10,-280,28,1,,7,SQL,"['MASE', {'name': 'WAPE', 'epsilon': 1.0}, {'name': 'WQL', 'epsilon': 1.0}]","[0.1, 0.2, 0.3, 0.4, 0.5, 0.6, 0.7, 0.8, 0.9]",id,timestamp,target,,[],[],[],LOOP_SEATTLE_1D,0.8431695713911485,,1.9060455719009042,3230,02d7b9f04d1c3187,False,0.7.0,0.8431695713911485,1.0319905855461848,0.03895326422567907,0.03173223863308779,"{'context_length': 4000, 'batch_size': 512, 'device': 'cuda', 'seed': 123}"
stride16_d1_25k,autogluon/fev_datasets,LOOP_SEATTLE_1H,168,10,-1680,168,1,,24,SQL,"['MASE', {'name': 'WAPE', 'epsilon': 1.0}, {'name': 'WQL', 'epsilon': 1.0}]","[0.1, 0.2, 0.3, 0.4, 0.5, 0.6, 0.7, 0.8, 0.9]",id,timestamp,target,,[],[],[],LOOP_SEATTLE_1H,0.8574368205728276,,19.453782266005874,3230,08811ee17f93df42,False,0.7.0,0.8574368205728276,1.055955959964197,0.09118356332704894,0.07379148623456275,"{'context_length': 4000, 'batch_size': 512, 'device': 'cuda', 'seed': 123}"
stride16_d1_25k,autogluon/fev_datasets,M_DENSE_1D,28,10,-280,28,1,,7,SQL,"['MASE', {'name': 'WAPE', 'epsilon': 1.0}, {'name': 'WQL', 'epsilon': 1.0}]","[0.1, 0.2, 0.3, 0.4, 0.5, 0.6, 0.7, 0.8, 0.9]",id,timestamp,target,,[],[],[],M_DENSE_1D,0.8135452060698309,,0.36058568267617375,300,12417cabd3e820d7,False,0.7.0,0.8135452060698309,0.9903232015281741,0.10229752825387531,0.08463654089738001,"{'context_length': 4000, 'batch_size': 512, 'device': 'cuda', 'seed': 123}"
stride16_d1_25k,autogluon/fev_datasets,M_DENSE_1H,168,10,-1680,168,1,,24,SQL,"['MASE', {'name': 'WAPE', 'epsilon': 1.0}, {'name': 'WQL', 'epsilon': 1.0}]","[0.1, 0.2, 0.3, 0.4, 0.5, 0.6, 0.7, 0.8, 0.9]",id,timestamp,target,,[],[],[],M_DENSE_1H,0.6086352260425113,,3.1712671188870445,300,e973593b94c21fa6,False,0.7.0,0.6086352260425113,0.7404347857267715,0.15164674228365133,0.12457698942164548,"{'context_length': 4000, 'batch_size': 512, 'device': 'cuda', 'seed': 123}"
stride16_d1_25k,autogluon/fev_datasets,SZ_TAXI_15T,96,10,-960,96,1,,96,SQL,"['MASE', {'name': 'WAPE', 'epsilon': 1.0}, {'name': 'WQL', 'epsilon': 1.0}]","[0.1, 0.2, 0.3, 0.4, 0.5, 0.6, 0.7, 0.8, 0.9]",id,timestamp,target,,[],[],[],SZ_TAXI_15T,0.42911353567088845,,5.032500772038475,1560,3e6f0d3380ac07cc,False,0.7.0,0.42911353567088845,0.542369683660513,0.2582953966444719,0.20391771973285855,"{'context_length': 4000, 'batch_size': 512, 'device': 'cuda', 'seed': 123}"
stride16_d1_25k,autogluon/fev_datasets,SZ_TAXI_1H,168,2,-336,168,1,,24,SQL,"['MASE', {'name': 'WAPE', 'epsilon': 1.0}, {'name': 'WQL', 'epsilon': 1.0}]","[0.1, 0.2, 0.3, 0.4, 0.5, 0.6, 0.7, 0.8, 0.9]",id,timestamp,target,,[],[],[],SZ_TAXI_1H,0.4425722498014836,,1.9678947801003233,312,7c28d9c08a8a99d2,False,0.7.0,0.4425722498014836,0.5454062956815815,0.1816581685596238,0.14762065265604096,"{'context_length': 4000, 'batch_size': 512, 'device': 'cuda', 'seed': 123}"
stride16_d1_25k,autogluon/fev_datasets,redset_5T,288,10,-2880,288,1,,288,SQL,"['MASE', {'name': 'WAPE', 'epsilon': 1.0}, {'name': 'WQL', 'epsilon': 1.0}]","[0.1, 0.2, 0.3, 0.4, 0.5, 0.6, 0.7, 0.8, 0.9]",id,timestamp,target,,[],[],['subset'],redset_5T,1.0206200718007534,,16.312365622026846,1180,4776bd88b54d8a04,False,0.7.0,1.0206200718007534,1.210344153761508,0.446796957167,0.36946574075675725,"{'context_length': 4000, 'batch_size': 512, 'device': 'cuda', 'seed': 123}"
stride16_d1_25k,autogluon/fev_datasets,redset_15T,96,10,-960,96,1,,96,SQL,"['MASE', {'name': 'WAPE', 'epsilon': 1.0}, {'name': 'WQL', 'epsilon': 1.0}]","[0.1, 0.2, 0.3, 0.4, 0.5, 0.6, 0.7, 0.8, 0.9]",id,timestamp,target,,[],[],['subset'],redset_15T,2.351504139750583,,4.364969313959591,1260,391e616eee276356,False,0.7.0,2.351504139750583,2.8072510633458347,0.42024227432817823,0.35472508749045517,"{'context_length': 4000, 'batch_size': 512, 'device': 'cuda', 'seed': 123}"
stride16_d1_25k,autogluon/fev_datasets,redset_1H,24,10,-240,24,1,,24,SQL,"['MASE', {'name': 'WAPE', 'epsilon': 1.0}, {'name': 'WQL', 'epsilon': 1.0}]","[0.1, 0.2, 0.3, 0.4, 0.5, 0.6, 0.7, 0.8, 0.9]",id,timestamp,target,,[],[],['subset'],redset_1H,1.931104596370167,,1.038756247726269,1380,a7542f5bcc8cf4ab,False,0.7.0,1.931104596370167,2.2130810787885116,0.29731418823803535,0.2449892443820129,"{'context_length': 4000, 'batch_size': 512, 'device': 'cuda', 'seed': 123}"
stride16_d1_25k,autogluon/fev_datasets,hospital_admissions_1D,28,20,-560,28,1,,7,SQL,"['MASE', {'name': 'WAPE', 'epsilon': 1.0}, {'name': 'WQL', 'epsilon': 1.0}]","[0.1, 0.2, 0.3, 0.4, 0.5, 0.6, 0.7, 0.8, 0.9]",id,timestamp,target,,[],[],[],hospital_admissions_1D,0.5583652501080704,,0.4818042612168938,160,88f43f9f6a96b4f3,False,0.7.0,0.5583652501080704,0.7224406781376495,0.5358597320397428,0.414140497895509,"{'context_length': 4000, 'batch_size': 512, 'device': 'cuda', 'seed': 123}"
stride16_d1_25k,autogluon/fev_datasets,hospital_admissions_1W,13,16,-208,13,1,,1,SQL,"['MASE', {'name': 'WAPE', 'epsilon': 1.0}, {'name': 'WQL', 'epsilon': 1.0}]","[0.1, 0.2, 0.3, 0.4, 0.5, 0.6, 0.7, 0.8, 0.9]",id,timestamp,target,,[],[],[],hospital_admissions_1W,0.591798600250681,,0.2758096968755126,128,70ba34804e0de04d,False,0.7.0,0.591798600250681,0.7681069443587316,0.21622127104132988,0.1667199580129161,"{'context_length': 4000, 'batch_size': 512, 'device': 'cuda', 'seed': 123}"
stride16_d1_25k,autogluon/fev_datasets,ETT_1W,13,5,-65,13,1,,1,SQL,"['MASE', {'name': 'WAPE', 'epsilon': 1.0}, {'name': 'WQL', 'epsilon': 1.0}]","[0.1, 0.2, 0.3, 0.4, 0.5, 0.6, 0.7, 0.8, 0.9]",id,timestamp,"['HUFL', 'HULL', 'LUFL', 'LULL', 'MUFL', 'MULL', 'OT']",,[],[],[],ETT_1W,2.251318251001668,,0.10904868191573769,70,f285b410fbbb9427,False,0.7.0,2.251318251001668,2.583158534656926,0.4567203703901015,0.3756368613606293,"{'context_length': 4000, 'batch_size': 512, 'device': 'cuda', 'seed': 123}"
stride16_d1_25k,autogluon/fev_datasets,ETT_1D,28,20,-560,28,1,,7,SQL,"['MASE', {'name': 'WAPE', 'epsilon': 1.0}, {'name': 'WQL', 'epsilon': 1.0}]","[0.1, 0.2, 0.3, 0.4, 0.5, 0.6, 0.7, 0.8, 0.9]",id,timestamp,"['HUFL', 'HULL', 'LUFL', 'LULL', 'MUFL', 'MULL', 'OT']",,[],[],[],ETT_1D,1.167047311295909,,0.5632610247703269,280,087e55aa2b87745b,False,0.7.0,1.167047311295909,1.4040820922372093,0.3586245595982761,0.28747998131479674,"{'context_length': 4000, 'batch_size': 512, 'device': 'cuda', 'seed': 123}"
stride16_d1_25k,autogluon/fev_datasets,ETT_1H,168,20,-3360,168,1,,24,SQL,"['MASE', {'name': 'WAPE', 'epsilon': 1.0}, {'name': 'WQL', 'epsilon': 1.0}]","[0.1, 0.2, 0.3, 0.4, 0.5, 0.6, 0.7, 0.8, 0.9]",id,timestamp,"['HUFL', 'HULL', 'LUFL', 'LULL', 'MUFL', 'MULL', 'OT']",,[],[],[],ETT_1H,0.92831162534245,,4.43374915223103,280,305bfc1cf6779b47,False,0.7.0,0.92831162534245,1.1737905375876525,0.2568822639362519,0.20159739448590752,"{'context_length': 4000, 'batch_size': 512, 'device': 'cuda', 'seed': 123}"
stride16_d1_25k,autogluon/fev_datasets,ETT_15T,96,20,-1920,96,1,,96,SQL,"['MASE', {'name': 'WAPE', 'epsilon': 1.0}, {'name': 'WQL', 'epsilon': 1.0}]","[0.1, 0.2, 0.3, 0.4, 0.5, 0.6, 0.7, 0.8, 0.9]",id,timestamp,"['HUFL', 'HULL', 'LUFL', 'LULL', 'MUFL', 'MULL', 'OT']",,[],[],[],ETT_15T,0.6609715351589454,,2.5286201842827722,280,8cb2ab653e6a502b,False,0.7.0,0.6609715351589454,0.841147603591722,0.13513382881820618,0.10588795468890748,"{'context_length': 4000, 'batch_size': 512, 'device': 'cuda', 'seed': 123}"
stride16_d1_25k,autogluon/fev_datasets,hospital,12,4,-48,12,1,,12,SQL,"['MASE', {'name': 'WAPE', 'epsilon': 1.0}, {'name': 'WQL', 'epsilon': 1.0}]","[0.1, 0.2, 0.3, 0.4, 0.5, 0.6, 0.7, 0.8, 0.9]",id,timestamp,target,,[],[],[],hospital,0.690350895629654,,1.5570323700085282,3068,9c6e8721c2eca10b,False,0.7.0,0.690350895629654,0.8795463071482044,0.09017925902533308,0.07215550694333835,"{'context_length': 4000, 'batch_size': 512, 'device': 'cuda', 'seed': 123}"
stride16_d1_25k,autogluon/fev_datasets,jena_weather_10T,144,20,-2880,144,1,,144,SQL,"['MASE', {'name': 'WAPE', 'epsilon': 1.0}, {'name': 'WQL', 'epsilon': 1.0}]","[0.1, 0.2, 0.3, 0.4, 0.5, 0.6, 0.7, 0.8, 0.9]",id,timestamp,"['target_0', 'target_1', 'target_10', 'target_11', 'target_12', 'target_13', 'target_14', 'target_15', 'target_16', 'target_17', 'target_18', 'target_19', 'target_2', 'target_20', 'target_3', 'target_4', 'target_5', 'target_6', 'target_7', 'target_8', 'target_9']",,[],[],[],jena_weather_10T,0.414697200018687,,5.337320647668093,420,311a660faf591409,False,0.7.0,0.414697200018687,0.5020379925054997,0.3010617887095867,0.253373219218643,"{'context_length': 4000, 'batch_size': 512, 'device': 'cuda', 'seed': 123}"
stride16_d1_25k,autogluon/fev_datasets,jena_weather_1D,28,11,-308,28,1,,1,SQL,"['MASE', {'name': 'WAPE', 'epsilon': 1.0}, {'name': 'WQL', 'epsilon': 1.0}]","[0.1, 0.2, 0.3, 0.4, 0.5, 0.6, 0.7, 0.8, 0.9]",id,timestamp,"['target_0', 'target_1', 'target_10', 'target_11', 'target_12', 'target_13', 'target_14', 'target_15', 'target_16', 'target_17', 'target_18', 'target_19', 'target_2', 'target_20', 'target_3', 'target_4', 'target_5', 'target_6', 'target_7', 'target_8', 'target_9']",,[],[],[],jena_weather_1D,1.1675142538444723,,0.39019773120526224,231,81a9d748210aa612,False,0.7.0,1.1675142538444723,1.4813480291448196,0.30564294097471256,0.24764863100553408,"{'context_length': 4000, 'batch_size': 512, 'device': 'cuda', 'seed': 123}"
stride16_d1_25k,autogluon/fev_datasets,jena_weather_1H,24,20,-480,24,1,,24,SQL,"['MASE', {'name': 'WAPE', 'epsilon': 1.0}, {'name': 'WQL', 'epsilon': 1.0}]","[0.1, 0.2, 0.3, 0.4, 0.5, 0.6, 0.7, 0.8, 0.9]",id,timestamp,"['target_0', 'target_1', 'target_10', 'target_11', 'target_12', 'target_13', 'target_14', 'target_15', 'target_16', 'target_17', 'target_18', 'target_19', 'target_2', 'target_20', 'target_3', 'target_4', 'target_5', 'target_6', 'target_7', 'target_8', 'target_9']",,[],[],[],jena_weather_1H,0.3672480029961526,,0.7970050098374486,420,8eb1d310607e8fee,False,0.7.0,0.3672480029961526,0.45242142330835344,0.2718983646303913,0.2291834719418704,"{'context_length': 4000, 'batch_size': 512, 'device': 'cuda', 'seed': 123}"
stride16_d1_25k,autogluon/fev_datasets,bizitobs_l2c_1H,24,20,-480,24,1,,24,SQL,"['MASE', {'name': 'WAPE', 'epsilon': 1.0}, {'name': 'WQL', 'epsilon': 1.0}]","[0.1, 0.2, 0.3, 0.4, 0.5, 0.6, 0.7, 0.8, 0.9]",id,timestamp,"['target_0', 'target_1', 'target_2', 'target_3', 'target_4', 'target_5', 'target_6']",,[],[],[],bizitobs_l2c_1H,0.5947921277301675,,0.4772142401197925,140,fd3fb3349ee15a22,False,0.7.0,0.5947921277301675,0.7309692944908173,1.369224470089383,1.1925000408428914,"{'context_length': 4000, 'batch_size': 512, 'device': 'cuda', 'seed': 123}"
stride16_d1_25k,autogluon/fev_datasets,bizitobs_l2c_5T,288,20,-5760,288,1,,288,SQL,"['MASE', {'name': 'WAPE', 'epsilon': 1.0}, {'name': 'WQL', 'epsilon': 1.0}]","[0.1, 0.2, 0.3, 0.4, 0.5, 0.6, 0.7, 0.8, 0.9]",id,timestamp,"['target_0', 'target_1', 'target_2', 'target_3', 'target_4', 'target_5', 'target_6']",,[],[],[],bizitobs_l2c_5T,0.6763332047570183,,7.950449730968103,140,9cb515b57514a9ab,False,0.7.0,0.6763332047570183,0.757132631010837,1.3826212347445375,1.2771977279853446,"{'context_length': 4000, 'batch_size': 512, 'device': 'cuda', 'seed': 123}"
stride16_d1_25k,autogluon/fev_datasets,australian_tourism,8,2,-16,8,1,,4,SQL,"['MASE', {'name': 'WAPE', 'epsilon': 1.0}, {'name': 'WQL', 'epsilon': 1.0}]","[0.1, 0.2, 0.3, 0.4, 0.5, 0.6, 0.7, 0.8, 0.9]",id,timestamp,target,,[],[],[],australian_tourism,0.8992331499973498,,0.11879006307572126,178,e3e704ef830bb1f4,False,0.7.0,0.8992331499973498,1.1469478161964932,0.14242731010353593,0.10970214344477904,"{'context_length': 4000, 'batch_size': 512, 'device': 'cuda', 'seed': 123}"
stride16_d1_25k,autogluon/fev_datasets,world_tourism,5,2,-10,5,1,,1,SQL,"['MASE', {'name': 'WAPE', 'epsilon': 1.0}, {'name': 'WQL', 'epsilon': 1.0}]","[0.1, 0.2, 0.3, 0.4, 0.5, 0.6, 0.7, 0.8, 0.9]",id,timestamp,target,,[],[],[],world_tourism,3.697142210357396,,0.20027658296748996,356,0dbaf8acdb03871f,False,0.7.0,3.697142210357396,4.498504919072179,0.15805435538560048,0.12113315547055611,"{'context_length': 4000, 'batch_size': 512, 'device': 'cuda', 'seed': 123}"
stride16_d1_25k,autogluon/fev_datasets,world_co2_emissions,5,9,-45,5,1,,1,SQL,"['MASE', {'name': 'WAPE', 'epsilon': 1.0}, {'name': 'WQL', 'epsilon': 1.0}]","[0.1, 0.2, 0.3, 0.4, 0.5, 0.6, 0.7, 0.8, 0.9]",id,timestamp,target,,[],[],[],world_co2_emissions,3.046946807911022,,0.9524827731074765,1719,e202df7b6b66eec1,False,0.7.0,3.046946807911022,3.6787511429590274,0.09332639724366608,0.07657926906859197,"{'context_length': 4000, 'batch_size': 512, 'device': 'cuda', 'seed': 123}"
stride16_d1_25k,autogluon/fev_datasets,world_life_expectancy,5,10,-50,5,1,,1,SQL,"['MASE', {'name': 'WAPE', 'epsilon': 1.0}, {'name': 'WQL', 'epsilon': 1.0}]","[0.1, 0.2, 0.3, 0.4, 0.5, 0.6, 0.7, 0.8, 0.9]",id,timestamp,target,,[],[],[],world_life_expectancy,1.8970391146075667,,1.2727071910630912,2370,fa80fb81a8121b97,False,0.7.0,1.8970391146075667,2.352074504514244,0.018084027501926662,0.014702515939309888,"{'context_length': 4000, 'batch_size': 512, 'device': 'cuda', 'seed': 123}"
stride16_d1_25k,autogluon/fev_datasets,ercot_1H,168,20,-3360,168,1,,24,SQL,"['MASE', {'name': 'WAPE', 'epsilon': 1.0}, {'name': 'WQL', 'epsilon': 1.0}]","[0.1, 0.2, 0.3, 0.4, 0.5, 0.6, 0.7, 0.8, 0.9]",id,timestamp,target,,[],[],[],ercot_1H,1.1467523181275663,,4.733820352237672,160,ea7c064764004599,False,0.7.0,1.1467523181275663,1.4482750608151391,0.0724544058702502,0.056905829922262285,"{'context_length': 4000, 'batch_size': 512, 'device': 'cuda', 'seed': 123}"
stride16_d1_25k,autogluon/fev_datasets,ercot_1D,28,20,-560,28,1,,7,SQL,"['MASE', {'name': 'WAPE', 'epsilon': 1.0}, {'name': 'WQL', 'epsilon': 1.0}]","[0.1, 0.2, 0.3, 0.4, 0.5, 0.6, 0.7, 0.8, 0.9]",id,timestamp,target,,[],[],[],ercot_1D,0.994835111004471,,0.5070558132138103,160,2d6981ffddeb4d36,False,0.7.0,0.994835111004471,1.272423731474718,0.08934123192797117,0.06920269540228667,"{'context_length': 4000, 'batch_size': 512, 'device': 'cuda', 'seed': 123}"
stride16_d1_25k,autogluon/fev_datasets,ercot_1W,13,20,-260,13,1,,1,SQL,"['MASE', {'name': 'WAPE', 'epsilon': 1.0}, {'name': 'WQL', 'epsilon': 1.0}]","[0.1, 0.2, 0.3, 0.4, 0.5, 0.6, 0.7, 0.8, 0.9]",id,timestamp,target,,[],[],[],ercot_1W,1.7284811036410772,,0.3456107886740938,160,17d56f9cde303936,False,0.7.0,1.7284811036410772,2.270072539379257,0.11807748857830473,0.08946469718358996,"{'context_length': 4000, 'batch_size': 512, 'device': 'cuda', 'seed': 123}"
stride16_d1_25k,autogluon/fev_datasets,ercot_1M,12,15,-180,12,1,,12,SQL,"['MASE', {'name': 'WAPE', 'epsilon': 1.0}, {'name': 'WQL', 'epsilon': 1.0}]","[0.1, 0.2, 0.3, 0.4, 0.5, 0.6, 0.7, 0.8, 0.9]",id,timestamp,target,,[],[],[],ercot_1M,0.8599495719421311,,0.26441562501713634,120,3b442c044564a810,False,0.7.0,0.8599495719421311,1.080581895172462,0.055432534331973246,0.04419407127580716,"{'context_length': 4000, 'batch_size': 512, 'device': 'cuda', 'seed': 123}"
stride16_d1_25k,autogluon/fev_datasets,uk_covid_utla_1D,28,10,-280,28,1,,7,SQL,"['MASE', {'name': 'WAPE', 'epsilon': 1.0}, {'name': 'WQL', 'epsilon': 1.0}]","[0.1, 0.2, 0.3, 0.4, 0.5, 0.6, 0.7, 0.8, 0.9]",id,timestamp,new_cases,,[],[],[],uk_covid_utla_1D/new,3.765499314412162,,1.3767652291571721,2140,2f859aada4961893,False,0.7.0,3.765499314412162,4.495590999119242,0.4266337234310266,0.346788761135862,"{'context_length': 4000, 'batch_size': 512, 'device': 'cuda', 'seed': 123}"
stride16_d1_25k,autogluon/fev_datasets,uk_covid_utla_1W,13,5,-65,13,1,,1,SQL,"['MASE', {'name': 'WAPE', 'epsilon': 1.0}, {'name': 'WQL', 'epsilon': 1.0}]","[0.1, 0.2, 0.3, 0.4, 0.5, 0.6, 0.7, 0.8, 0.9]",id,timestamp,cumulative_cases,,[],[],[],uk_covid_utla_1W/cumulative,19.536531078491983,,0.5846588119165972,1070,35d7c01fd444e4fd,False,0.7.0,19.536531078491983,21.849247060714795,0.21757871481055976,0.1930201429463364,"{'context_length': 4000, 'batch_size': 512, 'device': 'cuda', 'seed': 123}"
stride16_d1_25k,autogluon/fev_datasets,uk_covid_nation_1D,28,20,-560,28,1,,7,SQL,"['MASE', {'name': 'WAPE', 'epsilon': 1.0}, {'name': 'WQL', 'epsilon': 1.0}]","[0.1, 0.2, 0.3, 0.4, 0.5, 0.6, 0.7, 0.8, 0.9]",id,timestamp,"['new_admissions', 'new_cases', 'new_deaths']",,[],"['hospital_cases', 'icu_ventilator_occupancy', 'new_vaccinated_1', 'new_vaccinated_2', 'new_vaccinated_3']",[],uk_covid_nation_1D/new,2.17287257819891,,0.6312520602950826,240,dae0212e3fa73904,False,0.7.0,2.17287257819891,2.646864966238851,0.4713564563320631,0.3829866549518472,"{'context_length': 4000, 'batch_size': 512, 'device': 'cuda', 'seed': 123}"
stride16_d1_25k,autogluon/fev_datasets,uk_covid_nation_1D,28,20,-560,28,1,,1,SQL,"['MASE', {'name': 'WAPE', 'epsilon': 1.0}, {'name': 'WQL', 'epsilon': 1.0}]","[0.1, 0.2, 0.3, 0.4, 0.5, 0.6, 0.7, 0.8, 0.9]",id,timestamp,"['cumulative_admissions', 'cumulative_cases', 'cumulative_deaths']",,[],"['cumulative_vaccinated_1', 'cumulative_vaccinated_2', 'cumulative_vaccinated_3', 'hospital_cases', 'icu_ventilator_occupancy']",[],uk_covid_nation_1D/cumulative,16.894311801241066,,0.6305652969749644,240,dae0212e3fa73904,False,0.7.0,16.894311801241066,19.23841115940882,0.04504741076573908,0.040648750432331834,"{'context_length': 4000, 'batch_size': 512, 'device': 'cuda', 'seed': 123}"
stride16_d1_25k,autogluon/fev_datasets,uk_covid_nation_1W,8,4,-32,8,1,,1,SQL,"['MASE', {'name': 'WAPE', 'epsilon': 1.0}, {'name': 'WQL', 'epsilon': 1.0}]","[0.1, 0.2, 0.3, 0.4, 0.5, 0.6, 0.7, 0.8, 0.9]",id,timestamp,"['new_admissions', 'new_cases', 'new_deaths']",,[],"['hospital_cases', 'icu_ventilator_occupancy', 'new_vaccinated_1', 'new_vaccinated_2', 'new_vaccinated_3']",[],uk_covid_nation_1W/new,3.543365167945148,,0.09652984805870801,48,c1544674699f895d,False,0.7.0,3.543365167945148,4.241045201103005,0.4795265958216511,0.3807877574254706,"{'context_length': 4000, 'batch_size': 512, 'device': 'cuda', 'seed': 123}"
stride16_d1_25k,autogluon/fev_datasets,uk_covid_nation_1W,8,4,-32,8,1,,1,SQL,"['MASE', {'name': 'WAPE', 'epsilon': 1.0}, {'name': 'WQL', 'epsilon': 1.0}]","[0.1, 0.2, 0.3, 0.4, 0.5, 0.6, 0.7, 0.8, 0.9]",id,timestamp,"['cumulative_admissions', 'cumulative_cases', 'cumulative_deaths']",,[],"['cumulative_vaccinated_1', 'cumulative_vaccinated_2', 'cumulative_vaccinated_3', 'hospital_cases', 'icu_ventilator_occupancy']",[],uk_covid_nation_1W/cumulative,3.74807442051873,,0.09892717003822327,48,c1544674699f895d,False,0.7.0,3.74807442051873,4.535281291784204,0.041447721811493345,0.03450920870612721,"{'context_length': 4000, 'batch_size': 512, 'device': 'cuda', 'seed': 123}"
stride16_d1_25k,autogluon/fev_datasets,ecdc_ili,13,10,-130,13,1,,1,SQL,"['MASE', {'name': 'WAPE', 'epsilon': 1.0}, {'name': 'WQL', 'epsilon': 1.0}]","[0.1, 0.2, 0.3, 0.4, 0.5, 0.6, 0.7, 0.8, 0.9]",id,timestamp,target,,[],[],[],ecdc_ili,2.5164047824744897,,0.2482642357936129,240,c812e2dbfb11b987,False,0.7.0,2.5164047824744897,3.0281583713371054,0.5018350336313926,0.3992667773312825,"{'context_length': 4000, 'batch_size': 512, 'device': 'cuda', 'seed': 123}"
stride16_d1_25k,autogluon/fev_datasets,boomlet_1062,288,20,-5760,288,1,,288,SQL,"['MASE', {'name': 'WAPE', 'epsilon': 1.0}, {'name': 'WQL', 'epsilon': 1.0}]","[0.1, 0.2, 0.3, 0.4, 0.5, 0.6, 0.7, 0.8, 0.9]",id,timestamp,"['target_0', 'target_1', 'target_10', 'target_11', 'target_12', 'target_13', 'target_14', 'target_15', 'target_16', 'target_17', 'target_18', 'target_19', 'target_2', 'target_20', 'target_3', 'target_4', 'target_5', 'target_6', 'target_7', 'target_8', 'target_9']",,[],[],[],boomlet_1062,0.8938733746658439,,10.969793884898536,420,850914278ff7292f,False,0.7.0,0.8938733746658439,1.1076864564441908,0.7569155346401057,0.61478873932056,"{'context_length': 4000, 'batch_size': 512, 'device': 'cuda', 'seed': 123}"
stride16_d1_25k,autogluon/fev_datasets,boomlet_1209,288,20,-5760,288,1,,288,SQL,"['MASE', {'name': 'WAPE', 'epsilon': 1.0}, {'name': 'WQL', 'epsilon': 1.0}]","[0.1, 0.2, 0.3, 0.4, 0.5, 0.6, 0.7, 0.8, 0.9]",id,timestamp,"['target_0', 'target_1', 'target_10', 'target_11', 'target_12', 'target_13', 'target_14', 'target_15', 'target_16', 'target_17', 'target_18', 'target_19', 'target_2', 'target_20', 'target_21', 'target_22', 'target_23', 'target_24', 'target_25', 'target_26', 'target_27', 'target_28', 'target_29', 'target_3', 'target_30', 'target_31', 'target_32', 'target_33', 'target_34', 'target_35', 'target_36', 'target_37', 'target_38', 'target_39', 'target_4', 'target_40', 'target_41', 'target_42', 'target_43', 'target_44', 'target_45', 'target_46', 'target_47', 'target_48', 'target_49', 'target_5', 'target_50', 'target_51', 'target_52', 'target_6', 'target_7', 'target_8', 'target_9']",,[],[],[],boomlet_1209,0.7576262504197824,,17.898507114732638,1060,fc732419f4257b0c,False,0.7.0,0.7576262504197824,0.8610968183833652,0.3274829653232118,0.2872516206543038,"{'context_length': 4000, 'batch_size': 512, 'device': 'cuda', 'seed': 123}"
stride16_d1_25k,autogluon/fev_datasets,boomlet_1225,60,20,-1200,60,1,,1440,SQL,"['MASE', {'name': 'WAPE', 'epsilon': 1.0}, {'name': 'WQL', 'epsilon': 1.0}]","[0.1, 0.2, 0.3, 0.4, 0.5, 0.6, 0.7, 0.8, 0.9]",id,timestamp,"['target_0', 'target_1', 'target_10', 'target_11', 'target_12', 'target_13', 'target_14', 'target_15', 'target_16', 'target_17', 'target_18', 'target_19', 'target_2', 'target_20', 'target_21', 'target_22', 'target_23', 'target_24', 'target_25', 'target_26', 'target_27', 'target_28', 'target_29', 'target_3', 'target_30', 'target_31', 'target_32', 'target_33', 'target_34', 'target_35', 'target_36', 'target_37', 'target_38', 'target_39', 'target_4', 'target_40', 'target_41', 'target_42', 'target_43', 'target_44', 'target_45', 'target_46', 'target_47', 'target_48', 'target_5', 'target_6', 'target_7', 'target_8', 'target_9']",,[],[],[],boomlet_1225,0.21953297363665109,,1.508121230872348,980,e054f8c6bf020ac0,False,0.7.0,0.21953297363665109,0.26981591063339366,0.14113720520357634,0.1145297016005419,"{'context_length': 4000, 'batch_size': 512, 'device': 'cuda', 'seed': 123}"
stride16_d1_25k,autogluon/fev_datasets,boomlet_1230,288,20,-5760,288,1,,288,SQL,"['MASE', {'name': 'WAPE', 'epsilon': 1.0}, {'name': 'WQL', 'epsilon': 1.0}]","[0.1, 0.2, 0.3, 0.4, 0.5, 0.6, 0.7, 0.8, 0.9]",id,timestamp,"['target_0', 'target_1', 'target_10', 'target_11', 'target_12', 'target_13', 'target_14', 'target_15', 'target_16', 'target_17', 'target_18', 'target_19', 'target_2', 'target_20', 'target_21', 'target_22', 'target_3', 'target_4', 'target_5', 'target_6', 'target_7', 'target_8', 'target_9']",,[],[],[],boomlet_1230,1.3218090365519028,,11.325950315920636,460,c41ee8e342ded50d,False,0.7.0,1.3218090365519028,1.455301427921356,0.31828122402886855,0.2801428228820409,"{'context_length': 4000, 'batch_size': 512, 'device': 'cuda', 'seed': 123}"
stride16_d1_25k,autogluon/fev_datasets,boomlet_1282,60,20,-1200,60,1,,1440,SQL,"['MASE', {'name': 'WAPE', 'epsilon': 1.0}, {'name': 'WQL', 'epsilon': 1.0}]","[0.1, 0.2, 0.3, 0.4, 0.5, 0.6, 0.7, 0.8, 0.9]",id,timestamp,"['target_0', 'target_1', 'target_10', 'target_11', 'target_12', 'target_13', 'target_14', 'target_15', 'target_16', 'target_17', 'target_18', 'target_19', 'target_2', 'target_20', 'target_21', 'target_22', 'target_23', 'target_24', 'target_25', 'target_26', 'target_27', 'target_28', 'target_29', 'target_3', 'target_30', 'target_31', 'target_32', 'target_33', 'target_34', 'target_4', 'target_5', 'target_6', 'target_7', 'target_8', 'target_9']",,[],[],[],boomlet_1282,0.4319352133737279,,1.2623796759871766,700,b18492522498bc96,False,0.7.0,0.4319352133737279,0.525589462118782,0.36214951895684144,0.2937178455693735,"{'context_length': 4000, 'batch_size': 512, 'device': 'cuda', 'seed': 123}"
stride16_d1_25k,autogluon/fev_datasets,boomlet_1487,288,20,-5760,288,1,,288,SQL,"['MASE', {'name': 'WAPE', 'epsilon': 1.0}, {'name': 'WQL', 'epsilon': 1.0}]","[0.1, 0.2, 0.3, 0.4, 0.5, 0.6, 0.7, 0.8, 0.9]",id,timestamp,"['target_0', 'target_1', 'target_10', 'target_11', 'target_12', 'target_13', 'target_14', 'target_15', 'target_16', 'target_17', 'target_18', 'target_19', 'target_2', 'target_20', 'target_21', 'target_22', 'target_23', 'target_24', 'target_25', 'target_26', 'target_27', 'target_28', 'target_29', 'target_3', 'target_30', 'target_31', 'target_32', 'target_33', 'target_34', 'target_35', 'target_36', 'target_37', 'target_38', 'target_39', 'target_4', 'target_40', 'target_41', 'target_42', 'target_43', 'target_44', 'target_45', 'target_46', 'target_47', 'target_48', 'target_49', 'target_5', 'target_50', 'target_51', 'target_52', 'target_53', 'target_6', 'target_7', 'target_8', 'target_9']",,[],[],[],boomlet_1487,0.5299606978493481,,18.061508592800237,1080,6e70705aa0d5c9b6,False,0.7.0,0.5299606978493481,0.6400980912281682,0.2526055923544269,0.20905857190063296,"{'context_length': 4000, 'batch_size': 512, 'device': 'cuda', 'seed': 123}"
stride16_d1_25k,autogluon/fev_datasets,boomlet_1631,96,20,-1920,96,1,,48,SQL,"['MASE', {'name': 'WAPE', 'epsilon': 1.0}, {'name': 'WQL', 'epsilon': 1.0}]","[0.1, 0.2, 0.3, 0.4, 0.5, 0.6, 0.7, 0.8, 0.9]",id,timestamp,"['target_0', 'target_1', 'target_10', 'target_11', 'target_12', 'target_13', 'target_14', 'target_15', 'target_16', 'target_17', 'target_18', 'target_19', 'target_2', 'target_20', 'target_21', 'target_22', 'target_23', 'target_24', 'target_25', 'target_26', 'target_27', 'target_28', 'target_29', 'target_3', 'target_30', 'target_31', 'target_32', 'target_33', 'target_34', 'target_35', 'target_36', 'target_37', 'target_38', 'target_39', 'target_4', 'target_5', 'target_6', 'target_7', 'target_8', 'target_9']",,[],[],[],boomlet_1631,0.6184722493913433,,3.6213011477375403,800,79eaf83557e2eeb4,False,0.7.0,0.6184722493913433,0.7696973012136293,0.3355390278791076,0.2682546956790388,"{'context_length': 4000, 'batch_size': 512, 'device': 'cuda', 'seed': 123}"
stride16_d1_25k,autogluon/fev_datasets,boomlet_1676,96,20,-1920,96,1,,48,SQL,"['MASE', {'name': 'WAPE', 'epsilon': 1.0}, {'name': 'WQL', 'epsilon': 1.0}]","[0.1, 0.2, 0.3, 0.4, 0.5, 0.6, 0.7, 0.8, 0.9]",id,timestamp,"['target_0', 'target_1', 'target_10', 'target_11', 'target_12', 'target_13', 'target_14', 'target_15', 'target_16', 'target_17', 'target_18', 'target_19', 'target_2', 'target_20', 'target_21', 'target_22', 'target_23', 'target_24', 'target_25', 'target_26', 'target_27', 'target_28', 'target_29', 'target_3', 'target_30', 'target_31', 'target_32', 'target_33', 'target_34', 'target_35', 'target_36', 'target_37', 'target_38', 'target_39', 'target_4', 'target_40', 'target_41', 'target_42', 'target_43', 'target_44', 'target_45', 'target_46', 'target_47', 'target_48', 'target_49', 'target_5', 'target_50', 'target_51', 'target_52', 'target_53', 'target_54', 'target_55', 'target_56', 'target_57', 'target_58', 'target_59', 'target_6', 'target_60', 'target_61', 'target_62', 'target_63', 'target_64', 'target_65', 'target_66', 'target_67', 'target_68', 'target_69', 'target_7', 'target_70', 'target_71', 'target_72', 'target_73', 'target_74', 'target_75', 'target_76', 'target_77', 'target_78', 'target_79', 'target_8', 'target_80', 'target_81', 'target_82', 'target_83', 'target_84', 'target_85', 'target_86', 'target_87', 'target_88', 'target_89', 'target_9', 'target_90', 'target_91', 'target_92', 'target_93', 'target_94', 'target_95', 'target_96', 'target_97', 'target_98', 'target_99']",,[],[],[],boomlet_1676,0.6054755880527468,,7.233760612551123,2000,083dfc140fd4b463,False,0.7.0,0.6054755880527468,0.736803094812027,0.32880169311806196,0.26273537107128353,"{'context_length': 4000, 'batch_size': 512, 'device': 'cuda', 'seed': 123}"
stride16_d1_25k,autogluon/fev_datasets,boomlet_1855,24,20,-480,24,1,,24,SQL,"['MASE', {'name': 'WAPE', 'epsilon': 1.0}, {'name': 'WQL', 'epsilon': 1.0}]","[0.1, 0.2, 0.3, 0.4, 0.5, 0.6, 0.7, 0.8, 0.9]",id,timestamp,"['target_0', 'target_1', 'target_10', 'target_11', 'target_12', 'target_13', 'target_14', 'target_15', 'target_16', 'target_17', 'target_18', 'target_19', 'target_2', 'target_20', 'target_21', 'target_22', 'target_23', 'target_24', 'target_25', 'target_26', 'target_27', 'target_28', 'target_29', 'target_3', 'target_30', 'target_31', 'target_32', 'target_33', 'target_34', 'target_35', 'target_36', 'target_37', 'target_38', 'target_39', 'target_4', 'target_40', 'target_41', 'target_42', 'target_43', 'target_44', 'target_45', 'target_46', 'target_47', 'target_48', 'target_49', 'target_5', 'target_50', 'target_51', 'target_6', 'target_7', 'target_8', 'target_9']",,[],[],[],boomlet_1855,0.5232131271894145,,1.0628823012812063,1040,3b655e92786b24dc,False,0.7.0,0.5232131271894145,0.615479835160982,0.18301011304938558,0.15533004176735865,"{'context_length': 4000, 'batch_size': 512, 'device': 'cuda', 'seed': 123}"
stride16_d1_25k,autogluon/fev_datasets,boomlet_1975,24,20,-480,24,1,,24,SQL,"['MASE', {'name': 'WAPE', 'epsilon': 1.0}, {'name': 'WQL', 'epsilon': 1.0}]","[0.1, 0.2, 0.3, 0.4, 0.5, 0.6, 0.7, 0.8, 0.9]",id,timestamp,"['target_0', 'target_1', 'target_10', 'target_11', 'target_12', 'target_13', 'target_14', 'target_15', 'target_16', 'target_17', 'target_18', 'target_19', 'target_2', 'target_20', 'target_21', 'target_22', 'target_23', 'target_24', 'target_25', 'target_26', 'target_27', 'target_28', 'target_29', 'target_3', 'target_30', 'target_31', 'target_32', 'target_33', 'target_34', 'target_35', 'target_36', 'target_37', 'target_38', 'target_39', 'target_4', 'target_40', 'target_41', 'target_42', 'target_43', 'target_44', 'target_45', 'target_46', 'target_47', 'target_48', 'target_49', 'target_5', 'target_50', 'target_51', 'target_52', 'target_53', 'target_54', 'target_55', 'target_56', 'target_57', 'target_58', 'target_59', 'target_6', 'target_60', 'target_61', 'target_62', 'target_63', 'target_64', 'target_65', 'target_66', 'target_67', 'target_68', 'target_69', 'target_7', 'target_70', 'target_71', 'target_72', 'target_73', 'target_74', 'target_8', 'target_9']",,[],[],[],boomlet_1975,0.4519467986261444,,1.3395886012585834,1500,6e1d9424c5ab2214,False,0.7.0,0.4519467986261444,0.5723522877457081,0.3109608594416093,0.24031146344408866,"{'context_length': 4000, 'batch_size': 512, 'device': 'cuda', 'seed': 123}"
stride16_d1_25k,autogluon/fev_datasets,boomlet_2187,24,20,-480,24,1,,24,SQL,"['MASE', {'name': 'WAPE', 'epsilon': 1.0}, {'name': 'WQL', 'epsilon': 1.0}]","[0.1, 0.2, 0.3, 0.4, 0.5, 0.6, 0.7, 0.8, 0.9]",id,timestamp,"['target_0', 'target_1', 'target_10', 'target_11', 'target_12', 'target_13', 'target_14', 'target_15', 'target_16', 'target_17', 'target_18', 'target_19', 'target_2', 'target_20', 'target_21', 'target_22', 'target_23', 'target_24', 'target_25', 'target_26', 'target_27', 'target_28', 'target_29', 'target_3', 'target_30', 'target_31', 'target_32', 'target_33', 'target_34', 'target_35', 'target_36', 'target_37', 'target_38', 'target_39', 'target_4', 'target_40', 'target_41', 'target_42', 'target_43', 'target_44', 'target_45', 'target_46', 'target_47', 'target_48', 'target_49', 'target_5', 'target_50', 'target_51', 'target_52', 'target_53', 'target_54', 'target_55', 'target_56', 'target_57', 'target_58', 'target_59', 'target_6', 'target_60', 'target_61', 'target_62', 'target_63', 'target_64', 'target_65', 'target_66', 'target_67', 'target_68', 'target_69', 'target_7', 'target_70', 'target_71', 'target_72', 'target_73', 'target_74', 'target_75', 'target_76', 'target_77', 'target_78', 'target_79', 'target_8', 'target_80', 'target_81', 'target_82', 'target_83', 'target_84', 'target_85', 'target_86', 'target_87', 'target_88', 'target_89', 'target_9', 'target_90', 'target_91', 'target_92', 'target_93', 'target_94', 'target_95', 'target_96', 'target_97', 'target_98', 'target_99']",,[],[],[],boomlet_2187,0.9525897085614454,,1.6642512780381367,2000,c858af6e090b65d2,False,0.7.0,0.9525897085614454,1.0386382621896506,0.33544592937732415,0.30335208324636265,"{'context_length': 4000, 'batch_size': 512, 'device': 'cuda', 'seed': 123}"
stride16_d1_25k,autogluon/fev_datasets,boomlet_285,60,20,-1200,60,1,,1440,SQL,"['MASE', {'name': 'WAPE', 'epsilon': 1.0}, {'name': 'WQL', 'epsilon': 1.0}]","[0.1, 0.2, 0.3, 0.4, 0.5, 0.6, 0.7, 0.8, 0.9]",id,timestamp,"['target_0', 'target_1', 'target_10', 'target_11', 'target_12', 'target_13', 'target_14', 'target_15', 'target_16', 'target_17', 'target_18', 'target_19', 'target_2', 'target_20', 'target_21', 'target_22', 'target_23', 'target_24', 'target_25', 'target_26', 'target_27', 'target_28', 'target_29', 'target_3', 'target_30', 'target_31', 'target_32', 'target_33', 'target_34', 'target_35', 'target_36', 'target_37', 'target_38', 'target_39', 'target_4', 'target_40', 'target_41', 'target_42', 'target_43', 'target_44', 'target_45', 'target_46', 'target_47', 'target_48', 'target_49', 'target_5', 'target_50', 'target_51', 'target_52', 'target_53', 'target_54', 'target_55', 'target_56', 'target_57', 'target_58', 'target_59', 'target_6', 'target_60', 'target_61', 'target_62', 'target_63', 'target_64', 'target_65', 'target_66', 'target_67', 'target_68', 'target_69', 'target_7', 'target_70', 'target_71', 'target_72', 'target_73', 'target_74', 'target_8', 'target_9']",,[],[],[],boomlet_285,0.5042698895188492,,2.027749214787036,1500,51287a29c5959696,False,0.7.0,0.5042698895188492,0.547946339152528,0.2649288470627435,0.23062812251086431,"{'context_length': 4000, 'batch_size': 512, 'device': 'cuda', 'seed': 123}"
stride16_d1_25k,autogluon/fev_datasets,boomlet_619,60,20,-1200,60,1,,1440,SQL,"['MASE', {'name': 'WAPE', 'epsilon': 1.0}, {'name': 'WQL', 'epsilon': 1.0}]","[0.1, 0.2, 0.3, 0.4, 0.5, 0.6, 0.7, 0.8, 0.9]",id,timestamp,"['target_0', 'target_1', 'target_10', 'target_11', 'target_12', 'target_13', 'target_14', 'target_15', 'target_16', 'target_17', 'target_18', 'target_19', 'target_2', 'target_20', 'target_21', 'target_22', 'target_23', 'target_24', 'target_25', 'target_26', 'target_27', 'target_28', 'target_29', 'target_3', 'target_30', 'target_31', 'target_32', 'target_33', 'target_34', 'target_35', 'target_36', 'target_37', 'target_38', 'target_39', 'target_4', 'target_40', 'target_41', 'target_42', 'target_43', 'target_44', 'target_45', 'target_46', 'target_47', 'target_48', 'target_49', 'target_5', 'target_50', 'target_51', 'target_6', 'target_7', 'target_8', 'target_9']",,[],[],[],boomlet_619,0.564431715542874,,1.5834715974051505,1040,2d774f07b3096707,False,0.7.0,0.564431715542874,0.7535269957756772,0.6253051408362331,0.46748689929316534,"{'context_length': 4000, 'batch_size': 512, 'device': 'cuda', 'seed': 123}"
stride16_d1_25k,autogluon/fev_datasets,boomlet_772,60,20,-1200,60,1,,1440,SQL,"['MASE', {'name': 'WAPE', 'epsilon': 1.0}, {'name': 'WQL', 'epsilon': 1.0}]","[0.1, 0.2, 0.3, 0.4, 0.5, 0.6, 0.7, 0.8, 0.9]",id,timestamp,"['target_0', 'target_1', 'target_10', 'target_11', 'target_12', 'target_13', 'target_14', 'target_15', 'target_16', 'target_17', 'target_18', 'target_19', 'target_2', 'target_20', 'target_21', 'target_22', 'target_23', 'target_24', 'target_25', 'target_26', 'target_27', 'target_28', 'target_29', 'target_3', 'target_30', 'target_31', 'target_32', 'target_33', 'target_34', 'target_35', 'target_36', 'target_37', 'target_38', 'target_39', 'target_4', 'target_40', 'target_41', 'target_42', 'target_43', 'target_44', 'target_45', 'target_46', 'target_47', 'target_48', 'target_49', 'target_5', 'target_50', 'target_51', 'target_52', 'target_53', 'target_54', 'target_55', 'target_56', 'target_57', 'target_58', 'target_59', 'target_6', 'target_60', 'target_61', 'target_62', 'target_63', 'target_64', 'target_65', 'target_66', 'target_7', 'target_8', 'target_9']",,[],[],[],boomlet_772,0.35702314339460317,,1.8663722447818145,1340,cf7b0f7fe86838d5,False,0.7.0,0.35702314339460317,0.4180343110148342,0.1941911023444997,0.16314815250714906,"{'context_length': 4000, 'batch_size': 512, 'device': 'cuda', 'seed': 123}"
stride16_d1_25k,autogluon/fev_datasets,boomlet_963,60,20,-1200,60,1,,1440,SQL,"['MASE', {'name': 'WAPE', 'epsilon': 1.0}, {'name': 'WQL', 'epsilon': 1.0}]","[0.1, 0.2, 0.3, 0.4, 0.5, 0.6, 0.7, 0.8, 0.9]",id,timestamp,"['target_0', 'target_1', 'target_10', 'target_11', 'target_12', 'target_13', 'target_14', 'target_15', 'target_16', 'target_17', 'target_18', 'target_19', 'target_2', 'target_20', 'target_21', 'target_22', 'target_23', 'target_24', 'target_25', 'target_26', 'target_27', 'target_3', 'target_4', 'target_5', 'target_6', 'target_7', 'target_8', 'target_9']",,[],[],[],boomlet_963,0.7863777843520567,,1.1486771948402748,560,078a1fcb7a454b72,False,0.7.0,0.7863777843520567,0.9137345050829835,0.44189744912412204,0.36561033432446105,"{'context_length': 4000, 'batch_size': 512, 'device': 'cuda', 'seed': 123}"
stride16_d1_25k,autogluon/fev_datasets,fred_md_2025,12,20,-240,12,1,,1,SQL,"['MASE', {'name': 'WAPE', 'epsilon': 1.0}, {'name': 'WQL', 'epsilon': 1.0}]","[0.1, 0.2, 0.3, 0.4, 0.5, 0.6, 0.7, 0.8, 0.9]",id,timestamp,"['CPIAUCSL', 'FEDFUNDS', 'PAYEMS']",,[],"['M2REAL', 'NONBORRES', 'PPICMM', 'TOTRESNS']",[],fred_md_2025/cee,4.003073916456706,,0.3380899849580601,60,764e9294023ee081,False,0.7.0,4.003073916456706,4.406944547992448,0.08653975795748076,0.07980488181031423,"{'context_length': 4000, 'batch_size': 512, 'device': 'cuda', 'seed': 123}"
stride16_d1_25k,autogluon/fev_datasets,fred_qd_2025,8,20,-160,8,1,,1,SQL,"['MASE', {'name': 'WAPE', 'epsilon': 1.0}, {'name': 'WQL', 'epsilon': 1.0}]","[0.1, 0.2, 0.3, 0.4, 0.5, 0.6, 0.7, 0.8, 0.9]",id,timestamp,"['CPIAUCSL', 'FEDFUNDS', 'PAYEMS']",,[],"['M2REAL', 'NONBORRES', 'PPICMM', 'TOTRESNS']",[],fred_qd_2025/cee,2.548847515190375,,0.33361212676391006,60,d257091c861020bf,False,0.7.0,2.548847515190375,3.148124807644726,0.16395610480718487,0.13558520172606486,"{'context_length': 4000, 'batch_size': 512, 'device': 'cuda', 'seed': 123}"
stride16_d1_25k,autogluon/fev_datasets,fred_md_2025,12,20,-240,12,1,,1,SQL,"['MASE', {'name': 'WAPE', 'epsilon': 1.0}, {'name': 'WQL', 'epsilon': 1.0}]","[0.1, 0.2, 0.3, 0.4, 0.5, 0.6, 0.7, 0.8, 0.9]",id,timestamp,"['AAA', 'AWHMAN', 'BAA', 'BUSINVx', 'CPIAUCSL', 'CPIMEDSL', 'CUMFNS', 'DMANEMP', 'EXUSUKx', 'FEDFUNDS', 'GS1', 'GS10', 'GS5', 'HOUST', 'INDPRO', 'INVEST', 'IPBUSEQ', 'IPCONGD', 'IPDCONGD', 'IPDMAT', 'IPFINAL', 'IPMANSICS', 'IPMAT', 'IPNCONGD', 'IPNMAT', 'M2REAL', 'MANEMP', 'NDMANEMP', 'NONBORRES', 'PAYEMS', 'PERMIT', 'PPICMM', 'S&P 500', 'SRVPRD', 'TB3MS', 'TB6MS', 'TOTRESNS', 'UEMP15T26', 'UEMP27OV', 'UEMP5TO14', 'UEMPLT5', 'UEMPMEAN', 'UMCSENTx', 'UNRATE', 'USCONS', 'USFIRE', 'USGOOD', 'USGOVT', 'USTPU', 'USTRADE', 'VIXCLSx']",,[],[],[],fred_md_2025/macro,6.2185588934709894,,0.8029979203129187,1020,764e9294023ee081,False,0.7.0,6.2185588934709894,7.16584040634864,0.08222721622917217,0.07006759619381833,"{'context_length': 4000, 'batch_size': 512, 'device': 'cuda', 'seed': 123}"
stride16_d1_25k,autogluon/fev_datasets,fred_qd_2025,8,20,-160,8,1,,1,SQL,"['MASE', {'name': 'WAPE', 'epsilon': 1.0}, {'name': 'WQL', 'epsilon': 1.0}]","[0.1, 0.2, 0.3, 0.4, 0.5, 0.6, 0.7, 0.8, 0.9]",id,timestamp,"['AAA', 'AWHMAN', 'BAA', 'BUSINVx', 'CPIAUCSL', 'CPIMEDSL', 'CUMFNS', 'DMANEMP', 'EXUSUKx', 'FEDFUNDS', 'GS1', 'GS10', 'GS5', 'HOUST', 'INDPRO', 'INVEST', 'IPBUSEQ', 'IPCONGD', 'IPDCONGD', 'IPDMAT', 'IPFINAL', 'IPMANSICS', 'IPMAT', 'IPNCONGD', 'IPNMAT', 'M2REAL', 'MANEMP', 'NDMANEMP', 'NONBORRES', 'PAYEMS', 'PERMIT', 'PPICMM', 'S&P 500', 'SRVPRD', 'TB3MS', 'TB6MS', 'TOTRESNS', 'UEMP15T26', 'UEMP27OV', 'UEMP5TO14', 'UEMPLT5', 'UEMPMEAN', 'UMCSENTx', 'UNRATE', 'USCONS', 'USFIRE', 'USGOOD', 'USGOVT', 'USTPU', 'USTRADE', 'VIXCLSx']",,[],[],[],fred_qd_2025/macro,4.071060556892419,,0.7745850115315989,1020,d257091c861020bf,False,0.7.0,4.071060556892419,4.909496570093059,0.11405141228718527,0.09276241093667395,"{'context_length': 4000, 'batch_size': 512, 'device': 'cuda', 'seed': 123}"
stride16_d1_25k,autogluon/fev_datasets,us_consumption_1M,12,10,-120,12,1,,12,SQL,"['MASE', {'name': 'WAPE', 'epsilon': 1.0}, {'name': 'WQL', 'epsilon': 1.0}]","[0.1, 0.2, 0.3, 0.4, 0.5, 0.6, 0.7, 0.8, 0.9]",id,timestamp,target,,[],[],[],us_consumption_1M,1.6704592998538232,,0.2867927885381505,310,03c47cb66fc4f105,False,0.7.0,1.6704592998538232,2.0232615348400134,0.03155993137745941,0.025545129292691354,"{'context_length': 4000, 'batch_size': 512, 'device': 'cuda', 'seed': 123}"
stride16_d1_25k,autogluon/fev_datasets,us_consumption_1Q,8,10,-80,8,1,,4,SQL,"['MASE', {'name': 'WAPE', 'epsilon': 1.0}, {'name': 'WQL', 'epsilon': 1.0}]","[0.1, 0.2, 0.3, 0.4, 0.5, 0.6, 0.7, 0.8, 0.9]",id,timestamp,target,,[],[],[],us_consumption_1Q,2.2070517375000707,,0.27868118684273213,310,91f975812d53dcb0,False,0.7.0,2.2070517375000707,2.7494061461146417,0.049478017429930854,0.03884087871204448,"{'context_length': 4000, 'batch_size': 512, 'device': 'cuda', 'seed': 123}"
stride16_d1_25k,autogluon/fev_datasets,us_consumption_1Y,5,10,-50,5,1,,1,SQL,"['MASE', {'name': 'WAPE', 'epsilon': 1.0}, {'name': 'WQL', 'epsilon': 1.0}]","[0.1, 0.2, 0.3, 0.4, 0.5, 0.6, 0.7, 0.8, 0.9]",id,timestamp,target,,[],[],[],us_consumption_1Y,5.6438827869342285,,0.27786324790213257,310,941764347d4458f0,False,0.7.0,5.6438827869342285,6.772014836348076,0.1428835905774128,0.1152179724435994,"{'context_length': 4000, 'batch_size': 512, 'device': 'cuda', 'seed': 123}"
stride16_d1_25k,autogluon/fev_datasets,gvar,8,10,-80,8,1,,4,SQL,"['MASE', {'name': 'WAPE', 'epsilon': 1.0}, {'name': 'WQL', 'epsilon': 1.0}]","[0.1, 0.2, 0.3, 0.4, 0.5, 0.6, 0.7, 0.8, 0.9]",id,timestamp,"['Dp', 'ep', 'eq', 'lr', 'r', 'y']",,[],"['pmat', 'pmetal', 'poil']",[],gvar,0.5846425316916113,,1.5824169190600514,1980,f9353d7e5df197ee,False,0.7.0,0.5846425316916113,0.7117057447720285,0.018458368037257526,0.015115538985774491,"{'context_length': 4000, 'batch_size': 512, 'device': 'cuda', 'seed': 123}"
